{"Chowdeswari Ward": {"Latitude": 13.121320036578354, "Longitude": 77.57934295241836}, "Atturu": {"Latitude": 13.1069615, "Longitude": 77.5662992}, "Yelahanka Satellite Town": {"Latitude": 13.0979005, "Longitude": 77.5844299}, "Vijnanapura": {"Latitude": 13.0024795, "Longitude": 77.6747291}, "Basavanapura": {"Latitude": 13.013146, "Longitude": 77.7130151}, "Hudi": {"Latitude": 12.99372, "Longitude": 77.717018}, "Devasandra": {"Latitude": 13.00223368288215, "Longitude": 77.68805413927163}, "A Narayanapura": {"Latitude": 12.9933751, "Longitude": 77.6734738}, "Vijnana Nagar": {"Latitude": 12.985706566129394, "Longitude": 77.68367740517277}, "HAL Airport": {"Latitude": 12.9515723, "Longitude": 77.673489}, "Dodda Bommasandra": {"Latitude": 13.056806328536226, "Longitude": 77.5560520151405}, "Kuvempu Nagar": {"Latitude": 13.074167203542146, "Longitude": 77.53901689421718}, "Jakkuru": {"Latitude": 13.09749602705081, "Longitude": 77.62168138424056}, "Thanisandra": {"Latitude": 13.0559193, "Longitude": 77.6324513}, "Byatarayanapura": {"Latitude": 13.0597892, "Longitude": 77.5933367}, "Kodigehalli": {"Latitude": 13.055548663835765, "Longitude": 77.57577416278474}, "Vidyaranyapura": {"Latitude": 13.079499230428226, "Longitude": 77.56787571281382}, "Ullalu": {"Latitude": 12.9586471, "Longitude": 77.4792926}, "Kengeri": {"Latitude": 12.917054852113907, "Longitude": 77.47657824937869}, "Dodda Bidarakallu": {"Latitude": 13.0332887, "Longitude": 77.4906233}, "Herohalli": {"Latitude": 12.9896594, "Longitude": 77.4895557}, "Jalahalli": {"Latitude": 13.0454314, "Longitude": 77.5478699}, "Rajarajeshwari Nagar": {"Latitude": 12.9148603, "Longitude": 77.5206395}, "J P Park": {"Latitude": 13.0339132, "Longitude": 77.5500089}, "Yeshwanthpura": {"Latitude": 13.026225572771096, "Longitude": 77.55357017378083}, "HMT Ward": {"Latitude": 13.033195804346164, "Longitude": 77.52884778231424}, "Lakshmi Devi Nagar": {"Latitude": 13.017346621397664, "Longitude": 77.52886071146429}, "Laggere": {"Latitude": 13.007484805007351, "Longitude": 77.52354966367216}, "Kottegepalya": {"Latitude": 12.982458522537286, "Longitude": 77.51362526388203}, "Shettihalli": {"Latitude": 13.07005244525493, "Longitude": 77.51864888950689}, "Mallasandra": {"Latitude": 13.054619192490193, "Longitude": 77.51486505285607}, "Bagalakunte": {"Latitude": 13.057015549723303, "Longitude": 77.50092145759453}, "T Dasarahalli": {"Latitude": 13.04450973957968, "Longitude": 77.51682908891672}, "Chokkasandra": {"Latitude": 13.039240805422907, "Longitude": 77.50484508316549}, "Peenya Industrial Area": {"Latitude": 13.02316520018202, "Longitude": 77.50707934671459}, "Rajagopal Nagar": {"Latitude": 13.0126356, "Longitude": 77.5117782}, "Hegganahalli": {"Latitude": 13.002384281949816, "Longitude": 77.50093309944435}, "Vrisabhavathi Nagar": {"Latitude": 12.9919908, "Longitude": 77.5248039}, "Nandini Layout": {"Latitude": 13.0136616, "Longitude": 77.5339379}, "Marappana Palya": {"Latitude": 13.018476645892164, "Longitude": 77.54658795688886}, "Nagapura": {"Latitude": 13.0021081, "Longitude": 77.5443184}, "Mahalakshimpuram": {"Latitude": 13.007948179053571, "Longitude": 77.53937966460347}, "Shakthi Ganapathi Nagar": {"Latitude": 12.9923247, "Longitude": 77.5372211}, "Shankar Matt": {"Latitude": 12.999766859638001, "Longitude": 77.53360155715768}, "Aramane Nagara": {"Latitude": 13.016896662847742, "Longitude": 77.57507917239451}, "Mattikere": {"Latitude": 13.035222541771674, "Longitude": 77.56111804951951}, "Malleswaram": {"Latitude": 13.014302965703791, "Longitude": 77.56029580123379}, "Rajamahal Guttahalli": {"Latitude": 12.9974138, "Longitude": 77.5780424}, "Kadu Malleshwar Ward": {"Latitude": 13.00217927867567, "Longitude": 77.56703717656899}, "Subramanya Nagar": {"Latitude": 13.0063819, "Longitude": 77.557643}, "Gayithri Nagar": {"Latitude": 12.997303441928835, "Longitude": 77.56148216943706}, "Radhakrishna Temple Ward": {"Latitude": 13.042486688827708, "Longitude": 77.56876714213035}, "Sanjaya Nagar": {"Latitude": 13.0369229, "Longitude": 77.5785134}, "Ganga Nagar": {"Latitude": 13.03525487471471, "Longitude": 77.58458721696923}, "Hebbala": {"Latitude": 13.034913089118035, "Longitude": 77.59169376599903}, "Vishwanath Nagenahalli": {"Latitude": 13.0388385, "Longitude": 77.6040929}, "Manorayanapalya": {"Latitude": 13.028556148328903, "Longitude": 77.59719151323662}, "Gangenahalli": {"Latitude": 13.018724882363543, "Longitude": 77.58723825543524}, "Jayachamarajendra Nagar": {"Latitude": 13.01961068844517, "Longitude": 77.59651711486725}, "Kushal Nagar": {"Latitude": 13.01720497457761, "Longitude": 77.61478010825829}, "Kaval Bairasandra": {"Latitude": 13.0236542, "Longitude": 77.6080457}, "Devara Jeevanahalli": {"Latitude": 13.017608010919957, "Longitude": 77.60193549169958}, "Muneshwara Nagar": {"Latitude": 13.014406287230656, "Longitude": 77.61104689178472}, "Sagayarapuram": {"Latitude": 13.005726075345436, "Longitude": 77.61660504371855}, "S K Garden": {"Latitude": 13.0048652, "Longitude": 77.6067122}, "Pulikeshinagar": {"Latitude": 12.9970483, "Longitude": 77.6144076}, "Nagavara": {"Latitude": 13.035930583750869, "Longitude": 77.61540476560339}, "HBR Layout": {"Latitude": 13.0353236, "Longitude": 77.6284701}, "Banasavadi": {"Latitude": 13.0103761, "Longitude": 77.6481944}, "Kammanahalli": {"Latitude": 13.009269759347703, "Longitude": 77.63553474596733}, "Kacharkanahalli": {"Latitude": 13.0156289, "Longitude": 77.6321339}, "Kadugondanahalli": {"Latitude": 13.01575547946176, "Longitude": 77.61968880211583}, "Lingarajapura": {"Latitude": 13.0099028834003, "Longitude": 77.62620111987746}, "Maruthi Seva Nagar": {"Latitude": 13.0013782, "Longitude": 77.6298047}, "Konena Agrahara": {"Latitude": 12.956441362097792, "Longitude": 77.65095914766908}, "Benniganahalli": {"Latitude": 12.9950739, "Longitude": 77.655316}, "C V Raman Nagar": {"Latitude": 12.988615036669302, "Longitude": 77.6575448987586}, "New Tippasandara": {"Latitude": 12.9717571, "Longitude": 77.6551929}, "Sarvagna Nagar": {"Latitude": 12.989907, "Longitude": 77.6374317}, "Hoysala Nagar": {"Latitude": 12.980642087380772, "Longitude": 77.63858006575379}, "Jeevanbhima Nagar": {"Latitude": 12.965015854086147, "Longitude": 77.64833640816926}, "Sampangiram Nagar": {"Latitude": 12.978045725686684, "Longitude": 77.59111782371542}, "Ramaswamy Palya": {"Latitude": 13.006322897742876, "Longitude": 77.59824519364719}, "Jayamahal": {"Latitude": 12.998681892591662, "Longitude": 77.60069380121035}, "Halsoor": {"Latitude": 12.980175827564125, "Longitude": 77.61887113546925}, "Bharathi Nagar": {"Latitude": 12.987541785683149, "Longitude": 77.61134273798388}, "Shivaji Nagar": {"Latitude": 12.98867271875119, "Longitude": 77.60543408701596}, "Vasanth Nagar": {"Latitude": 12.9896194, "Longitude": 77.5927948}, "Shantala Nagar": {"Latitude": 12.9717208, "Longitude": 77.6006245}, "Domlur": {"Latitude": 12.9609857, "Longitude": 77.6387316}, "Agaram": {"Latitude": 12.943066517157618, "Longitude": 77.63907471231818}, "Vannarpet": {"Latitude": 12.9549908, "Longitude": 77.6199608}, "Nilasandra": {"Latitude": 12.952322514834677, "Longitude": 77.61456454396694}, "Shanthi Nagar": {"Latitude": 12.9577549, "Longitude": 77.5992505}, "Jogupalya": {"Latitude": 12.973454763379493, "Longitude": 77.62957082263665}, "Chickpete": {"Latitude": 12.9709232, "Longitude": 77.5763139}, "Cottonpete": {"Latitude": 12.970077931160063, "Longitude": 77.56482095318631}, "Binnipete": {"Latitude": 12.971273130998355, "Longitude": 77.55880780100347}, "Dattatreya Temple": {"Latitude": 12.996427251482785, "Longitude": 77.57303917242774}, "Gandhinagar": {"Latitude": 12.979999417767104, "Longitude": 77.57407472549562}, "Subhash Nagar": {"Latitude": 12.979121362173288, "Longitude": 77.56683080357817}, "Okalipuram": {"Latitude": 12.9834507, "Longitude": 77.5655242}, "Basaveshwara Nagar": {"Latitude": 12.99118552214857, "Longitude": 77.54148873799295}, "Kamakshipalya": {"Latitude": 12.986535639045869,