{"Chowdeswari Ward": {"Latitude": 13.10847, "Longitude": 77.591873}, "Atturu": {"Latitude": 13.1069615, "Longitude": 77.5662992}, "Yelahanka Satellite Town": {"Latitude": 13.0979005, "Longitude": 77.5844299}, "Vijnanapura": {"Latitude": 13.0024795, "Longitude": 77.6747291}, "Basavanapura": {"Latitude": 13.013146, "Longitude": 77.7130151}, "Hudi": {"Latitude": 12.99372, "Longitude": 77.717018}, "Devasandra": {"Latitude": 13.0027035, "Longitude": 77.7015664}, "A Narayanapura": {"Latitude": 12.9933751, "Longitude": 77.6734738}, "Vijnana Nagar": {"Latitude": 25.1544478, "Longitude": 75.8603602}, "HAL Airport": {"Latitude": 12.9515723, "Longitude": 77.673489}, "Dodda Bommasandra": {"Latitude": 13.060454, "Longitude": 77.5620227}, "Kuvempu Nagar": {"Latitude": 12.9141933, "Longitude": 77.614665}, "Jakkuru": {"Latitude": 13.0631411, "Longitude": 77.6206769}, "Thanisandra": {"Latitude": 13.0559193, "Longitude": 77.6324513}, "Byatarayanapura": {"Latitude": 13.0597892, "Longitude": 77.5933367}, "Kodigehalli": {"Latitude": 13.0697279, "Longitude": 77.5787819}, "Vidyaranyapura": {"Latitude": 13.0810718, "Longitude": 77.5561667}, "Ullalu": {"Latitude": 12.9586471, "Longitude": 77.4792926}, "Kengeri": {"Latitude": 12.8996676, "Longitude": 77.4826837}, "Dodda Bidarakallu": {"Latitude": 13.0332887, "Longitude": 77.4906233}, "Herohalli": {"Latitude": 12.9896594, "Longitude": 77.4895557}, "Jalahalli": {"Latitude": 13.0454314, "Longitude": 77.5478699}, "Rajarajeshwari Nagar": {"Latitude": 12.9148603, "Longitude": 77.5206395}, "J P Park": {"Latitude": 13.0339132, "Longitude": 77.5500089}, "Yeshwanthpura": {"Latitude": 13.0250302, "Longitude": 77.5340242}, "HMT Ward": {"Latitude": 13.04724, "Longitude": 77.539627}, "Lakshmi Devi Nagar": {"Latitude": 13.014073, "Longitude": 77.5268296}, "Laggere": {"Latitude": 13.0097647, "Longitude": 77.5253962}, "Kottegepalya": {"Latitude": 12.9856882, "Longitude": 77.5116777}, "Shettihalli": {"Latitude": 12.8696556, "Longitude": 76.018144}, "Mallasandra": {"Latitude": 13.0606824, "Longitude": 77.5117782}, "Bagalakunte": {"Latitude": 13.052706, "Longitude": 77.4954875}, "T Dasarahalli": {"Latitude": 13.0507542, "Longitude": 77.5154276}, "Chokkasandra": {"Latitude": 13.0389508, "Longitude": 77.515362}, "Peenya Industrial Area": {"Latitude": 13.0285133, "Longitude": 77.5196763}, "Rajagopal Nagar": {"Latitude": 13.0126356, "Longitude": 77.5117782}, "Hegganahalli": {"Latitude": 13.0064241, "Longitude": 77.5171157}, "Vrisabhavathi Nagar": {"Latitude": 12.9919908, "Longitude": 77.5248039}, "Nandini Layout": {"Latitude": 13.0136616, "Longitude": 77.5339379}, "Marappana Palya": {"Latitude": 13.0205708, "Longitude": 77.5515527}, "Nagapura": {"Latitude": 13.0021081, "Longitude": 77.5443184}, "Mahalakshimpuram": {"Latitude": 13.0145937, "Longitude": 77.5514047}, "Shakthi Ganapathi Nagar": {"Latitude": 12.9923247, "Longitude": 77.5372211}, "Shankar Matt": {"Latitude": 17.400789, "Longitude": 78.507966}, "Aramane Nagara": {"Latitude": 13.014494, "Longitude": 77.5839398}, "Mattikere": {"Latitude": 13.0334194, "Longitude": 77.5639761}, "Malleswaram": {"Latitude": 13.0055113, "Longitude": 77.5692358}, "Rajamahal Guttahalli": {"Latitude": 12.9974138, "Longitude": 77.5780424}, "Kadu Malleshwar Ward": {"Latitude": 13.3826157, "Longitude": 77.2610503}, "Subramanya Nagar": {"Latitude": 13.0063819, "Longitude": 77.557643}, "Gayithri Nagar": {"Latitude": 13.0007302, "Longitude": 77.557643}, "Radhakrishna Temple Ward": {"Latitude": 33.1210609, "Longitude": -96.6801622}, "Sanjaya Nagar": {"Latitude": 13.0369229, "Longitude": 77.5785134}, "Ganga Nagar": {"Latitude": 29.9093759, "Longitude": 73.8799805}, "Hebbala": {"Latitude": 13.0353557, "Longitude": 77.5987874}, "Vishwanath Nagenahalli": {"Latitude": 13.0388385, "Longitude": 77.6040929}, "Manorayanapalya": {"Latitude": 13.0301502, "Longitude": 77.6041181}, "Gangenahalli": {"Latitude": 12.987447, "Longitude": 77.388183}, "Jayachamarajendra Nagar": {"Latitude": 12.9867888, "Longitude": 77.5468951}, "Kushal Nagar": {"Latitude": 12.4555177, "Longitude": 75.9570234}, "Kaval Bairasandra": {"Latitude": 13.0236542, "Longitude": 77.6080457}, "Devara Jeevanahalli": {"Latitude": 13.0109482, "Longitude": 77.6094673}, "Muneshwara Nagar": {"Latitude": 12.8962888, "Longitude": 77.6421717}, "Sagayarapuram": {"Latitude": 13.0062366, "Longitude": 77.6207457}, "S K Garden": {"Latitude": 13.0048652, "Longitude": 77.6067122}, "Pulikeshinagar": {"Latitude": 12.9970483, "Longitude": 77.6144076}, "Nagavara": {"Latitude": 13.0421565, "Longitude": 77.6135776}, "HBR Layout": {"Latitude": 13.0353236, "Longitude": 77.6284701}, "Banasavadi": {"Latitude": 13.0103761, "Longitude": 77.6481944}, "Kammanahalli": {"Latitude": 13.0159044, "Longitude": 77.6378619}, "Kacharkanahalli": {"Latitude": 13.0156289, "Longitude": 77.6321339}, "Kadugondanahalli": {"Latitude": 13.0186175, "Longitude": 77.6186375}, "Lingarajapura": {"Latitude": 13.0130399, "Longitude": 77.626179}, "Maruthi Seva Nagar": {"Latitude": 13.0013782, "Longitude": 77.6298047}, "Konena Agrahara": {"Latitude": 12.9576511, "Longitude": 77.6607711}, "Benniganahalli": {"Latitude": 12.9950739, "Longitude": 77.655316}, "C V Raman Nagar": {"Latitude": 12.9793254, "Longitude": 77.6641841}, "New Tippasandara": {"Latitude": 12.9717571, "Longitude": 77.6551929}, "Sarvagna Nagar": {"Latitude": 12.989907, "Longitude": 77.6374317}, "Hoysala Nagar": {"Latitude": 13.01728, "Longitude": 77.6664976}, "Jeevanbhima Nagar": {"Latitude": 12.964163, "Longitude": 77.658076}, "Sampangiram Nagar": {"Latitude": 12.99368, "Longitude": 77.5746756}, "Ramaswamy Palya": {"Latitude": 13.008669, "Longitude": 77.6341424}, "Jayamahal": {"Latitude": 12.9998698, "Longitude": 77.5950525}, "Halsoor": {"Latitude": 12.9817001, "Longitude": 77.6284152}, "Bharathi Nagar": {"Latitude": 13.0149699, "Longitude": 77.7216008}, "Shivaji Nagar": {"Latitude": 12.9856503, "Longitude": 77.6056927}, "Vasanth Nagar": {"Latitude": 12.9896194, "Longitude": 77.5927948}, "Shantala Nagar": {"Latitude": 12.9717208, "Longitude": 77.6006245}, "Domlur": {"Latitude": 12.9609857, "Longitude": 77.6387316}, "Agaram": {"Latitude": 13.1116221, "Longitude": 80.2294222}, "Vannarpet": {"Latitude": 12.9549908, "Longitude": 77.6199608}, "Nilasandra": {"Latitude": 12.9550291, "Longitude": 77.6142102}, "Shanthi Nagar": {"Latitude": 12.9577549, "Longitude": 77.5992505}, "Jogupalya": {"Latitude": 12.9693799, "Longitude": 77.6229447}, "Chickpete": {"Latitude": 12.9709232, "Longitude": 77.5763139}, "Cottonpete": {"Latitude": 12.9670753, "Longitude": 77.5654657}, "Binnipete": {"Latitude": 12.9757767, "Longitude": 77.5602166}, "Dattatreya Temple": {"Latitude": 12.99844, "Longitude": 77.57419}, "Gandhinagar": {"Latitude": 23.2156354, "Longitude": 72.6369415}, "Subhash Nagar": {"Latitude": 28.6352454, "Longitude": 77.1174826}, "Okalipuram": {"Latitude": 12.9834507, "Longitude": 77.5655242}, "Basaveshwara Nagar": {"Latitude": 12.9879576, "Longitude": 77.5374662}, "Kamakshipalya": {"Latitude": 12.985524, "Longitude": 77.5268831}, "Shivanagara": {"Latitude": 12.9917841, "Longitude": 77.54872}, "Sriramamandir": {"Latitude": 12.9382, "Longitude": 77.57117}, "Dayananda Nagar": {"Latitude": 12.9890326, "Longitude": 77.5640913}, "Prakash Nagar": {"Latitude": 17.4422778, "Longitude": 78.4688006}, "Rajaji Nagar": {"Latitude": 12.9981732, "Longitude": 77.5530446}, "Kaveripura": {"Latitude": 12.9797568, "Longitude": 77.5271176}, "Govindaraja Nagar": {"Latitude": 12.976346, "Longitude": 77.5354295}, "Agrahara Dasarahalli": {"Latitude": 12.9810781, "Longitude": 77.5437946}, "Dr. Raj Kumar Ward": {"Latitude": 12.97175, "Longitude": 77.66221}, "Marenahalli": {"Latitude": 12.915347, "Longitude": 77.5884481}, "Maruthi Mandir ward": {"Latitude": 12.967703, "Longitude": 77.536077}, "Mudalapalya": {"Latitude": 12.9722331, "Longitude": 77.5234092}, "Nagarabhavi": {"Latitude": 12.9719321, "Longitude": 77.512749}, "Nayandahalli": {"Latitude": 12.9446315, "Longitude": 77.5255736},